<?xml version="1.0" encoding="UTF-8"?>
<component type="desktop-application">
  <id>com.github.qarmin.czkawka</id>
  <name>Czkawka</name>
  <summary>Multi functional app to find duplicates, empty folders, similar images, broken files etc.</summary>
  <metadata_license>CC0-1.0</metadata_license>
  <project_license>MIT</project_license>
  <description>
    <p>
      Czkawka is simple, fast and easy to use app to remove unnecessary files from your computer.
    </p>
  </description>
  <launchable type="desktop-id">com.github.qarmin.czkawka.desktop</launchable>
  <screenshots>
    <screenshot type="default">
      <image>https://user-images.githubusercontent.com/41945903/147875238-7f82fa27-c6dd-47e7-87ed-e253fb2cbc3e.png</image>
      <image>https://user-images.githubusercontent.com/41945903/147875239-bcf9776c-885d-45ac-ba82-5a426d8e1647.png</image>
      <image>https://user-images.githubusercontent.com/41945903/147875243-e654e683-37f7-46fa-8321-119a4c5775e7.png</image>
    </screenshot>
  </screenshots>
  <releases>
    <release version="7.0.0" date="2023-10-15"/>
  </releases>
  <content_rating type="oars-1.0"/>
  <developer_name>Rafał Mikrut</developer_name>
  <url type="homepage">https://github.com/qarmin/czkawka</url>
  <url type="bugtracker">https://github.com/qarmin/czkawka/issues</url>
  <url type="donation">https://github.com/sponsors/qarmin</url>
  <url type="translate">https://crowdin.com/project/czkawka</url>
</component>
